{
  "algo": "SVD",
  "best_params": {
    "n_factors": 100,
    "n_epochs": 25,
    "lr_all": 0.005,
    "reg_all": 0.02
  },
  "seed": 42,
  "metrics": {
    "val": {
      "name": "VAL",
      "n": 9726,
      "rmse": 0.8660747414613935,
      "mae": 0.6639077602031
    },
    "test": {
      "name": "TEST",
      "n": 9631,
      "rmse": 0.8587570571009128,
      "mae": 0.6579613831376516
    }
  },
  "train_n": 80672,
  "val_n": 10093,
  "test_n": 10071
}